caseFatalityRisk,confirmed,confirmedDelta,confirmedGrowthRate,country,countryCode,dateId,dayId,deceased,deceasedDelta,deceasedGrowthRate,doublingTime,immunizationRate,importDate,incidencePer100k,infectious,infectiousDelta,infectiousGrowthRate,recovered,recoveredDelta,recoveredGrowthRate,recoveryRate,source,tested,testedDelta,testedPer1k
0.0,22,1,1.0476190476190477,Afghanistan,AF,2020-03-17,77,0,0,0.0,14.899977377480539,2.5688222150512123E-8,2020-04-10T18:20:20.099,0.05651408873112667,21,1,1.05,1,0,1.0,0.045454545454545456,https://github.com/CSSEGISandData/COVID-19,0,0,0.0
0.01818181818181818,55,4,1.0784313725490196,Albania,AL,2020-03-17,77,1,0,1.0,9.179839069544395,0.0,2020-04-10T18:20:20.100,1.9111841453723108,54,4,1.08,0,0,0.0,0.0,https://github.com/CSSEGISandData/COVID-19,0,0,0.0
0.06666666666666667,60,6,1.1111111111111112,Algeria,DZ,2020-03-17,77,4,0,1.0,6.578813478960581,2.7365368997828193E-7,2020-04-10T18:20:20.099,0.13682684498914097,44,6,1.1578947368421053,12,0,1.0,0.2,https://github.com/CSSEGISandData/COVID-19,0,0,0.0
0.0,0,0,0.0,American Samoa,AS,2020-03-17,77,0,0,0.0,0.0,0.0,2020-04-10T18:20:20.099,0.0,0,0,0.0,0,0,0.0,0.0,https://github.com/CSSEGISandData/COVID-19,0,0,0.0
0.0,39,37,19.5,Andorra,AD,2020-03-17,77,0,0,0.0,0.23335032487697147,1.2942470717660001E-5,2020-04-10T18:20:20.099,50.47563579887401,38,37,38.0,1,0,1.0,0.02564102564102564,https://github.com/CSSEGISandData/COVID-19,0,0,0.0
0.0,0,0,0.0,Angola,AO,2020-03-17,77,0,0,0.0,0.0,0.0,2020-04-10T18:20:20.100,0.0,0,0,0.0,0,0,0.0,0.0,https://github.com/CSSEGISandData/COVID-19,0,0,0.0
0.0,0,0,0.0,Anguilla,AI,2020-03-17,77,0,0,0.0,0.0,0.0,2020-04-10T18:20:20.100,0.0,0,0,0.0,0,0,0.0,0.0,https://github.com/CSSEGISandData/COVID-19,0,0,0.0
0.0,1,0,1.0,Antigua and Barbuda,AG,2020-03-17,77,0,0,0.0,0.0,0.0,2020-04-10T18:20:20.099,1.0211479745529926,1,0,1.0,0,0,0.0,0.0,https://github.com/CSSEGISandData/COVID-19,0,0,0.0
0.029411764705882353,68,12,1.2142857142857142,Argentina,AR,2020-03-17,77,2,0,1.0,3.570052581454954,6.637788745469875E-8,2020-04-10T18:20:20.099,0.15045654489731716,63,10,1.1886792452830188,3,2,3.0,0.04411764705882353,https://github.com/CSSEGISandData/COVID-19,0,0,0.0
0.0,78,26,1.5,Armenia,AM,2020-03-17,77,0,0,0.0,1.7095112913514547,3.3746810504572186E-7,2020-04-10T18:20:20.099,2.6322512193566308,77,25,1.4807692307692308,1,0,0.0,0.01282051282051282,https://github.com/CSSEGISandData/COVID-19,0,0,0.0
0.0,3,1,1.5,Aruba,AW,2020-03-17,77,0,0,0.0,1.7095112913514547,0.0,2020-04-10T18:20:20.099,2.809883296180432,3,1,1.5,0,0,0.0,0.0,https://github.com/CSSEGISandData/COVID-19,0,0,0.0
0.011061946902654867,452,75,1.1989389920424403,Australia,AU,2020-03-17,77,5,2,1.6666666666666667,3.820318951783002,9.019648873696837E-7,2020-04-10T18:20:20.099,1.7725570830047697,424,73,1.207977207977208,23,0,1.0,0.05088495575221239,https://github.com/CSSEGISandData/COVID-19,0,0,0.0
0.0022522522522522522,1332,314,1.3084479371316307,Austria,AT,2020-03-17,77,3,0,1.0,2.578273010424465,1.1103217956834685E-7,2020-04-10T18:20:20.100,14.789486318503801,1328,319,1.3161546085232905,1,-5,0.16666666666666666,7.507507507507507E-4,https://github.com/CSSEGISandData/COVID-19,10278,1788,1.17
0.03571428571428571,28,13,1.8666666666666667,Azerbaijan,AZ,2020-03-17,77,1,0,1.0,1.1105381641751717,5.917640060924077E-7,2020-04-10T18:20:20.099,0.27615653617645697,21,13,2.625,6,0,1.0,0.21428571428571427,https://github.com/CSSEGISandData/COVID-19,0,0,0.0
0.0,0,0,0.0,Bahamas,BS,2020-03-17,77,0,0,0.0,0.0,0.0,2020-04-10T18:20:20.099,0.0,0,0,0.0,0,0,0.0,0.0,https://github.com/CSSEGISandData/COVID-19,0,0,0.0
0.0043859649122807015,228,14,1.0654205607476634,Bahrain,BH,2020-03-17,77,1,0,1.0,10.938163222791538,4.7602956084803784E-5,2020-04-10T18:20:20.099,13.399350601648472,146,10,1.0735294117647058,81,4,1.051948051948052,0.35526315789473684,https://github.com/CSSEGISandData/COVID-19,13553,1422,7.983
0.0,10,2,1.25,Bangladesh,BD,2020-03-17,77,0,0,0.0,3.10628371950539,1.8216110506649963E-8,2020-04-10T18:20:20.100,0.006072036835549988,7,1,1.1666666666666667,3,1,1.5,0.3,https://github.com/CSSEGISandData/COVID-19,0,0,0.0
0.0,2,0,0.0,Barbados,BB,2020-03-17,77,0,0,0.0,0.0,0.0,2020-04-10T18:20:20.100,0.6959547629404089,2,0,0.0,0,0,0.0,0.0,https://github.com/CSSEGISandData/COVID-19,0,0,0.0
0.0,36,0,1.0,Belarus,BY,2020-03-17,77,0,0,0.0,0.0,3.1748306201407234E-7,2020-04-10T18:20:20.100,0.3809796744168868,33,0,1.0,3,0,1.0,0.08333333333333333,https://github.com/CSSEGISandData/COVID-19,0,0,0.0
0.008045052292839904,1243,185,1.1748582230623819,Belgium,BE,2020-03-17,77,10,5,2.0,4.301321897578164,8.628408361514434E-8,2020-04-10T18:20:20.100,10.725111593362442,1232,180,1.1711026615969582,1,0,1.0,8.045052292839903E-4,https://github.com/CSSEGISandData/COVID-19,16791,1916,1.445
0.0,0,0,0.0,Belize,BZ,2020-03-17,77,0,0,0.0,0.0,0.0,2020-04-10T18:20:20.099,0.0,0,0,0.0,0,0,0.0,0.0,https://github.com/CSSEGISandData/COVID-19,0,0,0.0
0.0,1,0,1.0,Benin,BJ,2020-03-17,77,0,0,0.0,0.0,0.0,2020-04-10T18:20:20.100,0.008248647221855615,1,0,1.0,0,0,0.0,0.0,https://github.com/CSSEGISandData/COVID-19,0,0,0.0
0.0,0,0,0.0,Bermuda,BM,2020-03-17,77,0,0,0.0,0.0,0.0,2020-04-10T18:20:20.100,0.0,0,0,0.0,0,0,0.0,0.0,https://github.com/CSSEGISandData/COVID-19,0,0,0.0
0.0,1,0,1.0,Bhutan,BT,2020-03-17,77,0,0,0.0,0.0,0.0,2020-04-10T18:20:20.100,0.12959948574924054,1,0,1.0,0,0,0.0,0.0,https://github.com/CSSEGISandData/COVID-19,0,0,0.0
0.0,11,0,1.0,Bolivia,BO,2020-03-17,77,0,0,0.0,0.0,0.0,2020-04-10T18:20:20.100,0.09423438885272287,11,0,1.0,0,0,0.0,0.0,https://github.com/CSSEGISandData/COVID-19,0,0,0.0
0.0,26,1,1.04,Bosnia and Herzegovina,BA,2020-03-17,77,0,0,0.0,17.672987685129698,6.096038824452065E-7,2020-04-10T18:20:20.100,0.7924850471787684,24,-1,0.96,2,0,0.0,0.07692307692307693,https://github.com/CSSEGISandData/COVID-19,0,0,0.0
0.0,0,0,0.0,Botswana,BW,2020-03-17,77,0,0,0.0,0.0,0.0,2020-04-10T18:20:20.100,0.0,0,0,0.0,0,0,0.0,0.0,https://github.com/CSSEGISandData/COVID-19,0,0,0.0
0.003115264797507788,321,121,1.605,Brazil,BR,2020-03-17,77,1,0,0.0,1.4650441262292484,9.409133823508746E-9,2020-04-10T18:20:20.099,0.1510165978673154,318,119,1.5979899497487438,2,1,2.0,0.006230529595015576,https://github.com/CSSEGISandData/COVID-19,0,0,0.0
0.0,0,0,0.0,British Virgin Islands,VG,2020-03-17,77,0,0,0.0,0.0,0.0,2020-04-10T18:20:20.100,0.0,0,0,0.0,0,0,0.0,0.0,https://github.com/CSSEGISandData/COVID-19,0,0,0.0
0.0,56,2,1.037037037037037,Brunei,BN,2020-03-17,77,0,0,0.0,19.059446834201477,0.0,2020-04-10T18:20:20.099,12.800614429492615,56,2,1.037037037037037,0,0,0.0,0.0,https://github.com/CSSEGISandData/COVID-19,0,0,0.0
0.029850746268656716,67,15,1.2884615384615385,Bulgaria,BG,2020-03-17,77,2,0,1.0,2.7348596831391667,0.0,2020-04-10T18:20:20.099,0.9642445180180602,65,15,1.3,0,0,0.0,0.0,https://github.com/CSSEGISandData/COVID-19,0,0,0.0
0.0,15,0,1.0,Burkina Faso,BF,2020-03-17,77,0,0,0.0,0.0,0.0,2020-04-10T18:20:20.100,0.07175909724759372,15,0,1.0,0,0,0.0,0.0,https://github.com/CSSEGISandData/COVID-19,0,0,0.0
0.0,0,0,0.0,Burundi,BI,2020-03-17,77,0,0,0.0,0.0,0.0,2020-04-10T18:20:20.099,0.0,0,0,0.0,0,0,0.0,0.0,https://github.com/CSSEGISandData/COVID-19,0,0,0.0
0.0,0,0,0.0,Cabo Verde,CV,2020-03-17,77,0,0,0.0,0.0,0.0,2020-04-10T18:20:20.099,0.0,0,0,0.0,0,0,0.0,0.0,https://github.com/CSSEGISandData/COVID-19,0,0,0.0
0.0,33,26,4.714285714285714,Cambodia,KH,2020-03-17,77,0,0,0.0,0.44701943587156306,5.981231493695932E-8,2020-04-10T18:20:20.099,0.19738063929196575,32,26,5.333333333333333,1,0,1.0,0.030303030303030304,https://github.com/CSSEGISandData/COVID-19,0,0,0.0
0.0,10,6,2.5,Cameroon,CM,2020-03-17,77,0,0,0.0,0.75647079736603,0.0,2020-04-10T18:20:20.099,0.03767065323888697,10,6,2.5,0,0,0.0,0.0,https://github.com/CSSEGISandData/COVID-19,0,0,0.0
0.010460251046025104,478,63,1.1518072289156627,Canada,CA,2020-03-17,77,5,1,1.25,4.904382160813346,2.384601578383682E-7,2020-04-10T18:20:20.100,1.2664883938526668,464,62,1.154228855721393,9,0,1.0,0.01882845188284519,https://github.com/CSSEGISandData/COVID-19,0,0,0.0
0.0,0,0,0.0,Caribbean Netherlands,BQ,2020-03-17,77,0,0,0.0,0.0,0.0,2020-04-10T18:20:20.100,0.0,0,0,0.0,0,0,0.0,0.0,https://github.com/CSSEGISandData/COVID-19,0,0,0.0
0.0,0,0,0.0,Cayman Islands,KY,2020-03-17,77,0,0,0.0,0.0,0.0,2020-04-10T18:20:20.100,0.0,0,0,0.0,0,0,0.0,0.0,https://github.com/CSSEGISandData/COVID-19,0,0,0.0
0.0,1,0,1.0,Central African Republic,CF,2020-03-17,77,0,0,0.0,0.0,0.0,2020-04-10T18:20:20.100,0.020704932556787937,1,0,1.0,0,0,0.0,0.0,https://github.com/CSSEGISandData/COVID-19,0,0,0.0
0.0,0,0,0.0,Chad,TD,2020-03-17,77,0,0,0.0,0.0,0.0,2020-04-10T18:20:20.100,0.0,0,0,0.0,0,0,0.0,0.0,https://github.com/CSSEGISandData/COVID-19,0,0,0.0
0.0,201,46,1.2967741935483872,Chile,CL,2020-03-17,77,0,0,0.0,2.667183844960823,0.0,2020-04-10T18:20:20.100,1.05146414813278,201,46,1.2967741935483872,0,0,0.0,0.0,https://github.com/CSSEGISandData/COVID-19,0,0,0.0
0.039848010066865704,81058,25,1.0003085162834895,China,CN,2020-03-17,77,3230,13,1.0040410320174076,2247.0583750646415,4.7798835221909096E-5,2020-04-10T18:20:20.099,5.63167241114205,9030,-876,0.9115687462144155,68798,888,1.0130761301722868,0.8487502775790174,https://github.com/CSSEGISandData/COVID-19,0,0,0.0
0.0,65,11,1.2037037037037037,Colombia,CO,2020-03-17,77,0,0,0.0,3.738592933312248,1.965297136909929E-8,2020-04-10T18:20:20.099,0.1277443138991454,64,10,1.1851851851851851,1,0,0.0,0.015384615384615385,https://github.com/CSSEGISandData/COVID-19,0,0,0.0
0.0,0,0,0.0,Comoros,KM,2020-03-17,77,0,0,0.0,0.0,0.0,2020-04-10T18:20:20.099,0.0,0,0,0.0,0,0,0.0,0.0,https://github.com/CSSEGISandData/COVID-19,0,0,0.0
0.0,3,1,1.5,Congo,CD,2020-03-17,77,0,0,0.0,1.7095112913514547,0.0,2020-04-10T18:20:20.099,0.05436666728886297,3,1,1.5,0,0,0.0,0.0,https://github.com/CSSEGISandData/COVID-19,0,0,0.0
0.0,0,0,0.0,Cook Islands,CK,2020-03-17,77,0,0,0.0,0.0,0.0,2020-04-10T18:20:20.100,0.0,0,0,0.0,0,0,0.0,0.0,https://github.com/CSSEGISandData/COVID-19,0,0,0.0
0.0,41,6,1.1714285714285715,Costa Rica,CR,2020-03-17,77,0,0,0.0,4.380796577728756,0.0,2020-04-10T18:20:20.100,0.8048498287632913,41,6,1.1714285714285715,0,0,0.0,0.0,https://github.com/CSSEGISandData/COVID-19,698,114,0.138
0.0,5,4,5.0,Cote d'Ivoire,CI,2020-03-17,77,0,0,0.0,0.43067655807339306,3.790998607414571E-8,2020-04-10T18:20:20.100,0.01895499303707286,4,3,4.0,1,0,0.0,0.2,https://github.com/CSSEGISandData/COVID-19,0,0,0.0
0.0,65,8,1.1403508771929824,Croatia,HR,2020-03-17,77,0,0,0.0,5.2776631668561755,9.743580624597621E-7,2020-04-10T18:20:20.100,1.5833318514971133,61,6,1.1090909090909091,4,2,2.0,0.06153846153846154,https://github.com/CSSEGISandData/COVID-19,0,0,0.0
0.0,5,1,1.25,Cuba,CU,2020-03-17,77,0,0,0.0,3.10628371950539,0.0,2020-04-10T18:20:20.099,0.044143811355483405,5,1,1.25,0,0,0.0,0.0,https://github.com/CSSEGISandData/COVID-19,0,0,0.0
0.0,0,0,0.0,Cura√ßao,CW,2020-03-17,77,0,0,0.0,0.0,0.0,2020-04-10T18:20:20.100,0.0,0,0,0.0,0,0,0.0,0.0,https://github.com/CSSEGISandData/COVID-19,0,0,0.0
0.0,46,13,1.393939393939394,Cyprus,CY,2020-03-17,77,0,0,0.0,2.086951425809265,0.0,2020-04-10T18:20:20.099,3.809968700278873,46,13,1.393939393939394,0,0,0.0,0.0,https://github.com/CSSEGISandData/COVID-19,0,0,0.0
0.0,396,98,1.3288590604026846,Czech Republic,CZ,2020-03-17,77,0,0,0.0,2.4379059288473397,2.801386985372371E-7,2020-04-10T18:20:20.099,3.69783082069153,393,98,1.3322033898305086,3,0,1.0,0.007575757575757576,https://github.com/CSSEGISandData/COVID-19,7664,1362,0.721
0.00390625,1024,92,1.0987124463519313,Denmark,DK,2020-03-17,77,4,1,1.3333333333333333,7.363019019336862,1.7264591255622647E-7,2020-04-10T18:20:20.100,17.678941445757587,1019,91,1.0980603448275863,1,0,1.0,9.765625E-4,https://github.com/CSSEGISandData/COVID-19,0,0,0.0
0.010057471264367816,696,0,1.0,Diamond Princess Cruise Ship,,2020-03-17,77,7,0,1.0,0.0,0.0,2020-04-10T18:20:20.099,0.0,364,0,1.0,325,0,1.0,0.46695402298850575,https://github.com/CSSEGISandData/COVID-19,0,0,0.0
0.0,0,0,0.0,Djibouti,DJ,2020-03-17,77,0,0,0.0,0.0,0.0,2020-04-10T18:20:20.099,0.0,0,0,0.0,0,0,0.0,0.0,https://github.com/CSSEGISandData/COVID-19,0,0,0.0
0.0,0,0,0.0,Dominica,DM,2020-03-17,77,0,0,0.0,0.0,0.0,2020-04-10T18:20:20.100,0.0,0,0,0.0,0,0,0.0,0.0,https://github.com/CSSEGISandData/COVID-19,0,0,0.0
0.047619047619047616,21,10,1.9090909090909092,Dominican Republic,DO,2020-03-17,77,1,0,0.0,1.0719425631310815,0.0,2020-04-10T18:20:20.100,0.19358567687231917,20,9,1.8181818181818181,0,0,0.0,0.0,https://github.com/CSSEGISandData/COVID-19,0,0,0.0
0.034482758620689655,58,21,1.5675675675675675,Ecuador,EC,2020-03-17,77,2,0,1.0,1.5419543509242644,0.0,2020-04-10T18:20:20.099,0.32874127121075525,56,21,1.6,0,0,0.0,0.0,https://github.com/CSSEGISandData/COVID-19,0,0,0.0
0.02040816326530612,196,46,1.3066666666666666,Egypt,EG,2020-03-17,77,4,2,2.0,2.5914043134206617,3.127003114221489E-7,2020-04-10T18:20:20.100,0.19152894074606622,160,39,1.322314049586777,32,5,1.1851851851851851,0.16326530612244897,https://github.com/CSSEGISandData/COVID-19,0,0,0.0
0.0,0,0,0.0,El Salvador,SV,2020-03-17,77,0,0,0.0,0.0,0.0,2020-04-10T18:20:20.100,0.0,0,0,0.0,0,0,0.0,0.0,https://github.com/CSSEGISandData/COVID-19,0,0,0.0
0.0,1,0,1.0,Equatorial Guinea,GQ,2020-03-17,77,0,0,0.0,0.0,0.0,2020-04-10T18:20:20.100,0.07127659953598933,1,0,1.0,0,0,0.0,0.0,https://github.com/CSSEGISandData/COVID-19,0,0,0.0
0.0,0,0,0.0,Eritrea,ER,2020-03-17,77,0,0,0.0,0.0,0.0,2020-04-10T18:20:20.099,0.0,0,0,0.0,0,0,0.0,0.0,https://github.com/CSSEGISandData/COVID-19,0,0,0.0
0.0,225,20,1.0975609756097562,Estonia,EE,2020-03-17,77,0,0,0.0,7.445955853787694,7.538436603632773E-7,2020-04-10T18:20:20.100,16.96148235817374,224,20,1.0980392156862746,1,0,1.0,0.0044444444444444444,https://github.com/CSSEGISandData/COVID-19,1960,191,1.507
0.0,1,0,1.0,Eswatini,SZ,2020-03-17,77,0,0,0.0,0.0,0.0,2020-04-10T18:20:20.099,0.08619471040301199,1,0,1.0,0,0,0.0,0.0,https://github.com/CSSEGISandData/COVID-19,0,0,0.0
0.0,5,0,1.0,Ethiopia,ET,2020-03-17,77,0,0,0.0,0.0,0.0,2020-04-10T18:20:20.100,0.0043492031581338604,5,0,1.0,0,0,0.0,0.0,https://github.com/CSSEGISandData/COVID-19,0,0,0.0
0.0,0,0,0.0,Faeroe Islands,FO,2020-03-17,77,0,0,0.0,0.0,0.0,2020-04-10T18:20:20.100,0.0,0,0,0.0,0,0,0.0,0.0,https://github.com/CSSEGISandData/COVID-19,0,0,0.0
0.0,0,0,0.0,Falkland Islands,FK,2020-03-17,77,0,0,0.0,0.0,0.0,2020-04-10T18:20:20.099,0.0,0,0,0.0,0,0,0.0,0.0,https://github.com/CSSEGISandData/COVID-19,0,0,0.0
0.0,0,0,0.0,Fiji,FJ,2020-03-17,77,0,0,0.0,0.0,0.0,2020-04-10T18:20:20.100,0.0,0,0,0.0,0,0,0.0,0.0,https://github.com/CSSEGISandData/COVID-19,0,0,0.0
0.0,321,44,1.1588447653429603,Finland,FI,2020-03-17,77,0,0,0.0,4.701737719740394,1.8048195902337603E-6,2020-04-10T18:20:20.099,5.79347088465037,311,44,1.1647940074906367,10,0,1.0,0.03115264797507788,https://github.com/CSSEGISandData/COVID-19,4987,1117,0.894
0.019263308603410127,7683,1033,1.1553383458646616,France,FR,2020-03-17,77,148,0,1.0,4.800412919014175,1.8384180376018077E-7,2020-04-10T18:20:20.100,11.770471485745574,7523,1033,1.1591679506933745,12,0,1.0,0.0015618898867629833,https://github.com/CSSEGISandData/COVID-19,36747,2351,0.559134945340668
0.0,11,0,1.0,French Guiana,GF,2020-03-17,77,0,0,0.0,0.0,0.0,2020-04-10T18:20:20.099,3.682846639569844,11,0,1.0,0,0,0.0,0.0,https://github.com/CSSEGISandData/COVID-19,0,0,0.0
0.0,0,0,0.0,French Polynesia,PF,2020-03-17,77,0,0,0.0,0.0,0.0,2020-04-10T18:20:20.099,0.0,0,0,0.0,0,0,0.0,0.0,https://github.com/CSSEGISandData/COVID-19,0,0,0.0
0.0,1,0,1.0,Gabon,GA,2020-03-17,77,0,0,0.0,0.0,0.0,2020-04-10T18:20:20.099,0.0449289987033491,1,0,1.0,0,0,0.0,0.0,https://github.com/CSSEGISandData/COVID-19,0,0,0.0
0.0,0,0,0.0,Gambia,GM,2020-03-17,77,0,0,0.0,0.0,0.0,2020-04-10T18:20:20.100,0.0,0,0,0.0,0,0,0.0,0.0,https://github.com/CSSEGISandData/COVID-19,0,0,0.0
0.0,34,1,1.0303030303030303,Georgia,GE,2020-03-17,77,0,0,0.0,23.21870619960046,2.5067890113399617E-7,2020-04-10T18:20:20.099,0.8523082638555869,33,1,1.03125,1,0,1.0,0.029411764705882353,https://github.com/CSSEGISandData/COVID-19,0,0,0.0
0.0025926326023549746,9257,1985,1.272964796479648,Germany,DE,2020-03-17,77,24,7,1.411764705882353,2.8719743693511948,7.996759092571701E-7,2020-04-10T18:20:20.100,11.048656555214363,9166,1978,1.275180856983862,67,0,1.0,0.007237766014907637,https://github.com/CSSEGISandData/COVID-19,215320,0,2.60866035985992
0.0,7,1,1.1666666666666667,Ghana,GH,2020-03-17,77,0,0,0.0,4.49655610560192,0.0,2020-04-10T18:20:20.100,0.022527639804923512,7,1,1.1666666666666667,0,0,0.0,0.0,https://github.com/CSSEGISandData/COVID-19,0,0,0.0
0.0,0,0,0.0,Gibraltar,GI,2020-03-17,77,0,0,0.0,0.0,0.0,2020-04-10T18:20:20.099,0.0,0,0,0.0,0,0,0.0,0.0,https://github.com/CSSEGISandData/COVID-19,0,0,0.0
0.012919896640826873,387,56,1.1691842900302114,Greece,GR,2020-03-17,77,5,1,1.25,4.43454359983055,7.675293632749097E-7,2020-04-10T18:20:20.100,3.7129232948423754,374,55,1.1724137931034482,8,0,1.0,0.020671834625323,https://github.com/CSSEGISandData/COVID-19,0,0,0.0
0.0,1,0,1.0,Greenland,GL,2020-03-17,77,0,0,0.0,0.0,0.0,2020-04-10T18:20:20.100,17.61493746697199,1,0,1.0,0,0,0.0,0.0,https://github.com/CSSEGISandData/COVID-19,0,0,0.0
0.0,0,0,0.0,Grenada,GD,2020-03-17,77,0,0,0.0,0.0,0.0,2020-04-10T18:20:20.100,0.0,0,0,0.0,0,0,0.0,0.0,https://github.com/CSSEGISandData/COVID-19,0,0,0.0
0.0,18,12,3.0,Guadeloupe,GP,2020-03-17,77,0,0,0.0,0.6309297535714574,0.0,2020-04-10T18:20:20.099,4.498605432315982,18,12,3.0,0,0,0.0,0.0,https://github.com/CSSEGISandData/COVID-19,0,0,0.0
0.0,3,0,1.0,Guam,GU,2020-03-17,77,0,0,0.0,0.0,0.0,2020-04-10T18:20:20.100,1.7775144423048437,3,0,1.0,0,0,0.0,0.0,https://github.com/CSSEGISandData/COVID-19,0,0,0.0
0.16666666666666666,6,4,3.0,Guatemala,GT,2020-03-17,77,1,0,1.0,0.6309297535714574,0.0,2020-04-10T18:20:20.100,0.033490425757084566,5,4,5.0,0,0,0.0,0.0,https://github.com/CSSEGISandData/COVID-19,0,0,0.0
0.0,1,0,1.0,Guinea,GN,2020-03-17,77,0,0,0.0,0.0,0.0,2020-04-10T18:20:20.100,0.0076145253162026826,1,0,1.0,0,0,0.0,0.0,https://github.com/CSSEGISandData/COVID-19,0,0,0.0
0.0,0,0,0.0,Guinea-Bissau,GW,2020-03-17,77,0,0,0.0,0.0,0.0,2020-04-10T18:20:20.099,0.0,0,0,0.0,0,0,0.0,0.0,https://github.com/CSSEGISandData/COVID-19,0,0,0.0
0.14285714285714285,7,3,1.75,Guyana,GY,2020-03-17,77,1,0,1.0,1.2386126258466668,0.0,2020-04-10T18:20:20.100,0.8899602314913699,6,3,2.0,0,0,0.0,0.0,https://github.com/CSSEGISandData/COVID-19,0,0,0.0
0.0,0,0,0.0,Haiti,HT,2020-03-17,77,0,0,0.0,0.0,0.0,2020-04-10T18:20:20.099,0.0,0,0,0.0,0,0,0.0,0.0,https://github.com/CSSEGISandData/COVID-19,0,0,0.0
0.0,1,0,1.0,Holy See,VA,2020-03-17,77,0,0,0.0,0.0,0.0,2020-04-10T18:20:20.100,124.84394506866417,1,0,1.0,0,0,0.0,0.0,https://github.com/CSSEGISandData/COVID-19,0,0,0.0
0.0,8,2,1.3333333333333333,Honduras,HN,2020-03-17,77,0,0,0.0,2.4094208396532095,0.0,2020-04-10T18:20:20.099,0.08077049397315815,8,2,1.3333333333333333,0,0,0.0,0.0,https://github.com/CSSEGISandData/COVID-19,0,0,0.0
0.0,0,0,0.0,Hong Kong,HK,2020-03-17,77,0,0,0.0,0.0,0.0,2020-04-10T18:20:20.100,0.0,0,0,0.0,0,0,0.0,0.0,https://github.com/CSSEGISandData/COVID-19,0,0,0.0
0.02,50,11,1.2820512820512822,Hungary,HU,2020-03-17,77,1,0,1.0,2.7897584659319326,2.070318148895418E-7,2020-04-10T18:20:20.100,0.5175795372238545,47,10,1.2702702702702702,2,1,2.0,0.04,https://github.com/CSSEGISandData/COVID-19,1587,117,0.165
0.004545454545454545,220,40,1.2222222222222223,Iceland,IS,2020-03-17,77,1,-4,0.2,3.4541524808273794,2.344370433972272E-5,2020-04-10T18:20:20.099,64.47018693423747,219,39,1.2166666666666666,8,0,1.0,0.03636363636363636,https://github.com/CSSEGISandData/COVID-19,6050,1400,17.627
0.02112676056338028,142,23,1.1932773109243697,India,IN,2020-03-17,77,3,1,1.5,3.922655338399955,1.0144895300459498E-8,2020-04-10T18:20:20.100,0.010289822376180348,125,21,1.2019230769230769,14,1,1.0769230769230769,0.09859154929577464,https://github.com/CSSEGISandData/COVID-19,12400,0,0.00896473405419131
0.029069767441860465,172,38,1.2835820895522387,Indonesia,ID,2020-03-17,77,5,0,1.0,2.776423775716359,2.9247931663962545E-8,2020-04-10T18:20:20.100,0.06288305307751946,159,38,1.3140495867768596,8,0,1.0,0.046511627906976744,https://github.com/CSSEGISandData/COVID-19,1255,25,0.005
0.06110458284371328,16169,1178,1.0785804816223068,Iran,IR,2020-03-17,77,988,135,1.1582649472450175,9.1630613960377,6.41601475380987E-5,2020-04-10T18:20:20.100,19.25042541368562,9792,244,1.0255550900712191,5389,799,1.174074074074074,0.3332921021708207,https://github.com/CSSEGISandData/COVID-19,0,0,0.0
0.07142857142857142,154,30,1.2419354838709677,Iraq,IQ,2020-03-17,77,11,1,1.1,3.199076308349755,7.955747546528257E-7,2020-04-10T18:20:20.100,0.3828703506766724,111,23,1.2613636363636365,32,6,1.2307692307692308,0.2077922077922078,https://github.com/CSSEGISandData/COVID-19,0,0,0.0
0.008968609865470852,223,54,1.319526627218935,Ireland,IE,2020-03-17,77,2,0,1.0,2.4998721088045444,1.0125995739791073E-6,2020-04-10T18:20:20.100,4.516194099946818,216,49,1.2934131736526946,5,0,0.0,0.02242152466367713,https://github.com/CSSEGISandData/COVID-19,6636,0,1.358
0.0,0,0,0.0,Isle of Man,IM,2020-03-17,77,0,0,0.0,0.0,0.0,2020-04-10T18:20:20.100,0.0,0,0,0.0,0,0,0.0,0.0,https://github.com/CSSEGISandData/COVID-19,0,0,0.0
0.0,337,82,1.3215686274509804,Israel,IL,2020-03-17,77,0,0,0.0,2.4860078508451626,1.2708630951177484E-6,2020-04-10T18:20:20.099,3.8934623914061923,326,75,1.298804780876494,11,7,2.75,0.032640949554896145,https://github.com/CSSEGISandData/COVID-19,11599,2135,1.331
0.07944518504411859,31506,3526,1.1260185847033595,Italy,IT,2020-03-17,77,2503,345,1.159870250231696,5.840076319611751,4.864226230944464E-5,2020-04-10T18:20:20.099,52.10891248967572,26062,2989,1.1295453560438609,2941,192,1.0698435794834484,0.09334729892718847,https://github.com/CSSEGISandData/COVID-19,148657,10695,2.514
0.0,12,2,1.2,Jamaica,JM,2020-03-17,77,0,0,0.0,3.8017840169239308,6.754093909597129E-7,2020-04-10T18:20:20.100,0.4052456345758277,10,2,1.25,2,0,1.0,0.16666666666666666,https://github.com/CSSEGISandData/COVID-19,0,0,0.0
0.03302961275626424,878,53,1.0642424242424242,Japan,JP,2020-03-17,77,29,2,1.0740740740740742,11.13253252784322,1.1385517815840846E-6,2020-04-10T18:20:20.100,0.6942003223825183,705,51,1.0779816513761469,144,0,1.0,0.16400911161731208,https://github.com/CSSEGISandData/COVID-19,51860,1806,0.41
0.0,34,17,2.0,Jordan,JO,2020-03-17,77,0,0,0.0,1.0,9.800910190927611E-8,2020-04-10T18:20:20.099,0.3332309464915388,33,17,2.0625,1,0,1.0,0.029411764705882353,https://github.com/CSSEGISandData/COVID-19,0,0,0.0
0.0,33,23,3.3,Kazakhstan,KZ,2020-03-17,77,0,0,0.0,0.5805629752883311,0.0,2020-04-10T18:20:20.099,0.17574966686118074,33,23,3.3,0,0,0.0,0.0,https://github.com/CSSEGISandData/COVID-19,0,0,0.0
0.0,3,0,1.0,Kenya,KE,2020-03-17,77,0,0,0.0,0.0,0.0,2020-04-10T18:20:20.099,0.005579184849850002,3,0,1.0,0,0,0.0,0.0,https://github.com/CSSEGISandData/COVID-19,0,0,0.0
0.0,0,0,0.0,Kiribati,KI,2020-03-17,77,0,0,0.0,0.0,0.0,2020-04-10T18:20:20.100,0.0,0,0,0.0,0,0,0.0,0.0,https://github.com/CSSEGISandData/COVID-19,0,0,0.0
0.0,2,0,1.0,Kosovo,XK,2020-03-17,77,0,0,0.0,0.0,0.0,2020-04-10T18:20:20.100,0.0,2,0,1.0,0,0,0.0,0.0,https://github.com/CSSEGISandData/COVID-19,0,0,0.0
0.0,130,7,1.056910569105691,Kuwait,KW,2020-03-17,77,0,0,0.0,12.522962779349779,2.1074465217883044E-6,2020-04-10T18:20:20.100,3.0440894203608835,121,7,1.0614035087719298,9,0,1.0,0.06923076923076923,https://github.com/CSSEGISandData/COVID-19,0,0,0.0
0.0,0,0,0.0,Kyrgyzstan,KG,2020-03-17,77,0,0,0.0,0.0,0.0,2020-04-10T18:20:20.100,0.0,0,0,0.0,0,0,0.0,0.0,https://github.com/CSSEGISandData/COVID-19,0,0,0.0
0.0,0,0,0.0,Laos,LA,2020-03-17,77,0,0,0.0,0.0,0.0,2020-04-10T18:20:20.099,0.0,0,0,0.0,0,0,0.0,0.0,https://github.com/CSSEGISandData/COVID-19,0,0,0.0
0.0,49,15,1.4411764705882353,Latvia,LV,2020-03-17,77,0,0,0.0,1.8966442569921933,5.301670344258662E-7,2020-04-10T18:20:20.100,2.5978184686867447,48,15,1.4545454545454546,1,0,1.0,0.02040816326530612,https://github.com/CSSEGISandData/COVID-19,2199,495,1.162
0.025,120,21,1.2121212121212122,Lebanon,LB,2020-03-17,77,3,0,1.0,3.6031624527925095,4.395317814442868E-7,2020-04-10T18:20:20.099,1.758127125777147,114,19,1.2,3,2,3.0,0.025,https://github.com/CSSEGISandData/COVID-19,0,0,0.0
0.0,0,0,0.0,Lesotho,LS,2020-03-17,77,0,0,0.0,0.0,0.0,2020-04-10T18:20:20.100,0.0,0,0,0.0,0,0,0.0,0.0,https://github.com/CSSEGISandData/COVID-19,0,0,0.0
0.0,1,0,1.0,Liberia,LR,2020-03-17,77,0,0,0.0,0.0,0.0,2020-04-10T18:20:20.100,0.01977190732274337,1,0,1.0,0,0,0.0,0.0,https://github.com/CSSEGISandData/COVID-19,0,0,0.0
0.0,0,0,0.0,Libya,LY,2020-03-17,77,0,0,0.0,0.0,0.0,2020-04-10T18:20:20.099,0.0,0,0,0.0,0,0,0.0,0.0,https://github.com/CSSEGISandData/COVID-19,0,0,0.0
0.0,7,3,1.75,Liechtenstein,LI,2020-03-17,77,0,0,0.0,1.2386126258466668,0.0,2020-04-10T18:20:20.099,18.359211078472512,7,3,1.75,0,0,0.0,0.0,https://github.com/CSSEGISandData/COVID-19,0,0,0.0
0.0,25,8,1.4705882352941178,Lithuania,LT,2020-03-17,77,0,0,0.0,1.7972896380808772,3.673379277512417E-7,2020-04-10T18:20:20.100,0.9183448193781042,24,8,1.5,1,0,1.0,0.04,https://github.com/CSSEGISandData/COVID-19,742,118,0.26
0.007142857142857143,140,63,1.8181818181818181,Luxembourg,LU,2020-03-17,77,1,0,1.0,1.1594250266943331,0.0,2020-04-10T18:20:20.099,22.36500324292547,139,63,1.8289473684210527,0,0,0.0,0.0,https://github.com/CSSEGISandData/COVID-19,0,0,0.0
0.0,0,0,0.0,Macao,MO,2020-03-17,77,0,0,0.0,0.0,0.0,2020-04-10T18:20:20.100,0.0,0,0,0.0,0,0,0.0,0.0,https://github.com/CSSEGISandData/COVID-19,0,0,0.0
0.0,0,0,0.0,Madagascar,MG,2020-03-17,77,0,0,0.0,0.0,0.0,2020-04-10T18:20:20.099,0.0,0,0,0.0,0,0,0.0,0.0,https://github.com/CSSEGISandData/COVID-19,0,0,0.0
0.0,0,0,0.0,Malawi,MW,2020-03-17,77,0,0,0.0,0.0,0.0,2020-04-10T18:20:20.099,0.0,0,0,0.0,0,0,0.0,0.0,https://github.com/CSSEGISandData/COVID-19,0,0,0.0
0.0029717682020802376,673,107,1.1890459363957597,Malaysia,MY,2020-03-17,77,2,0,0.0,4.00313122076365,1.513934422354768E-6,2020-04-10T18:20:20.099,2.0793425841729776,622,98,1.1870229007633588,49,7,1.1666666666666667,0.07280832095096583,https://github.com/CSSEGISandData/COVID-19,6842,118,0.208
0.0,13,0,1.0,Maldives,MV,2020-03-17,77,0,0,0.0,0.0,0.0,2020-04-10T18:20:20.100,2.4049846080985082,13,0,1.0,0,0,0.0,0.0,https://github.com/CSSEGISandData/COVID-19,0,0,0.0
0.0,0,0,0.0,Mali,ML,2020-03-17,77,0,0,0.0,0.0,0.0,2020-04-10T18:20:20.099,0.0,0,0,0.0,0,0,0.0,0.0,https://github.com/CSSEGISandData/COVID-19,0,0,0.0
0.0,38,8,1.2666666666666666,Malta,MT,2020-03-17,77,0,0,0.0,2.932233865905457,4.5295701664390555E-6,2020-04-10T18:20:20.100,8.606183316234207,36,8,1.2857142857142858,2,0,1.0,0.05263157894736842,https://github.com/CSSEGISandData/COVID-19,0,0,0.0
0.0,0,0,0.0,Marshall Islands,MH,2020-03-17,77,0,0,0.0,0.0,0.0,2020-04-10T18:20:20.099,0.0,0,0,0.0,0,0,0.0,0.0,https://github.com/CSSEGISandData/COVID-19,0,0,0.0
0.0625,16,1,1.0666666666666667,Martinique,MQ,2020-03-17,77,1,0,1.0,10.740053666281314,0.0,2020-04-10T18:20:20.099,4.263653684729458,15,1,1.0714285714285714,0,0,0.0,0.0,https://github.com/CSSEGISandData/COVID-19,0,0,0.0
0.0,1,0,1.0,Mauritania,MR,2020-03-17,77,0,0,0.0,0.0,0.0,2020-04-10T18:20:20.099,0.021506958146169028,1,0,1.0,0,0,0.0,0.0,https://github.com/CSSEGISandData/COVID-19,0,0,0.0
0.0,0,0,0.0,Mauritius,MU,2020-03-17,77,0,0,0.0,0.0,0.0,2020-04-10T18:20:20.100,0.0,0,0,0.0,0,0,0.0,0.0,https://github.com/CSSEGISandData/COVID-19,0,0,0.0
0.0,1,0,1.0,Mayotte,YT,2020-03-17,77,0,0,0.0,0.0,0.0,2020-04-10T18:20:20.099,0.3665487601488188,1,0,1.0,0,0,0.0,0.0,https://github.com/CSSEGISandData/COVID-19,0,0,0.0
0.0,82,29,1.5471698113207548,Mexico,MX,2020-03-17,77,0,0,0.0,1.5882304498763293,3.1023924541501105E-8,2020-04-10T18:20:20.100,0.06359904531007726,78,29,1.5918367346938775,4,0,1.0,0.04878048780487805,https://github.com/CSSEGISandData/COVID-19,765,104,0.006
0.0,0,0,0.0,Micronesia,FM,2020-03-17,77,0,0,0.0,0.0,0.0,2020-04-10T18:20:20.100,0.0,0,0,0.0,0,0,0.0,0.0,https://github.com/CSSEGISandData/COVID-19,0,0,0.0
0.0,30,7,1.3043478260869565,Moldova,MD,2020-03-17,77,0,0,0.0,2.608727595125685,2.4789518396673446E-7,2020-04-10T18:20:20.099,0.7436855519002034,29,6,1.2608695652173914,1,0,0.0,0.03333333333333333,https://github.com/CSSEGISandData/COVID-19,0,0,0.0
0.0,7,0,1.0,Monaco,MC,2020-03-17,77,0,0,0.0,0.0,0.0,2020-04-10T18:20:20.100,17.83803068141277,7,0,1.0,0,0,0.0,0.0,https://github.com/CSSEGISandData/COVID-19,0,0,0.0
0.0,5,4,5.0,Mongolia,MN,2020-03-17,77,0,0,0.0,0.43067655807339306,0.0,2020-04-10T18:20:20.100,0.15251853862837028,5,4,5.0,0,0,0.0,0.0,https://github.com/CSSEGISandData/COVID-19,0,0,0.0
0.0,2,0,0.0,Montenegro,ME,2020-03-17,77,0,0,0.0,0.0,0.0,2020-04-10T18:20:20.100,0.3184378711791436,2,0,0.0,0,0,0.0,0.0,https://github.com/CSSEGISandData/COVID-19,0,0,0.0
0.0,0,0,0.0,Montserrat,MS,2020-03-17,77,0,0,0.0,0.0,0.0,2020-04-10T18:20:20.099,0.0,0,0,0.0,0,0,0.0,0.0,https://github.com/CSSEGISandData/COVID-19,0,0,0.0
0.05263157894736842,38,9,1.3103448275862069,Morocco,MA,2020-03-17,77,2,1,2.0,2.5644542341819254,2.709251769683256E-8,2020-04-10T18:20:20.100,0.10295156724796373,35,8,1.2962962962962963,1,0,1.0,0.02631578947368421,https://github.com/CSSEGISandData/COVID-19,0,0,0.0
0.0,0,0,0.0,Mozambique,MZ,2020-03-17,77,0,0,0.0,0.0,0.0,2020-04-10T18:20:20.100,0.0,0,0,0.0,0,0,0.0,0.0,https://github.com/CSSEGISandData/COVID-19,0,0,0.0
0.0,0,0,0.0,Myanmar,MM,2020-03-17,77,0,0,0.0,0.0,0.0,2020-04-10T18:20:20.099,0.0,0,0,0.0,0,0,0.0,0.0,https://github.com/CSSEGISandData/COVID-19,0,0,0.0
0.0,2,0,1.0,Namibia,NA,2020-03-17,77,0,0,0.0,0.0,0.0,2020-04-10T18:20:20.099,0.07871211241663895,2,0,1.0,0,0,0.0,0.0,https://github.com/CSSEGISandData/COVID-19,0,0,0.0
0.0,0,0,0.0,Nauru,NR,2020-03-17,77,0,0,0.0,0.0,0.0,2020-04-10T18:20:20.099,0.0,0,0,0.0,0,0,0.0,0.0,https://github.com/CSSEGISandData/COVID-19,0,0,0.0
0.0,1,0,1.0,Nepal,NP,2020-03-17,77,0,0,0.0,0.0,3.4320849421803517E-8,2020-04-10T18:20:20.100,0.0034320849421803513,1,0,1.0,1,0,1.0,1.0,https://github.com/CSSEGISandData/COVID-19,0,0,0.0
0.025175644028103045,1708,294,1.2079207920792079,Netherlands,NL,2020-03-17,77,43,19,1.7916666666666667,3.669376620039139,1.1672103532492102E-7,2020-04-10T18:20:20.099,9.967976416748256,1663,275,1.1981268011527377,2,0,1.0,0.00117096018735363,https://github.com/CSSEGISandData/COVID-19,18689,0,1.088
0.0,0,0,0.0,New Caledonia,NC,2020-03-17,77,0,0,0.0,0.0,0.0,2020-04-10T18:20:20.100,0.0,0,0,0.0,0,0,0.0,0.0,https://github.com/CSSEGISandData/COVID-19,0,0,0.0
0.0,12,4,1.5,New Zealand,NZ,2020-03-17,77,0,0,0.0,1.7095112913514547,0.0,2020-04-10T18:20:20.100,0.24884737008767516,12,4,1.5,0,0,0.0,0.0,https://github.com/CSSEGISandData/COVID-19,1710,659,0.354
0.0,0,0,0.0,Nicaragua,NI,2020-03-17,77,0,0,0.0,0.0,0.0,2020-04-10T18:20:20.100,0.0,0,0,0.0,0,0,0.0,0.0,https://github.com/CSSEGISandData/COVID-19,0,0,0.0
0.0,0,0,0.0,Niger,NE,2020-03-17,77,0,0,0.0,0.0,0.0,2020-04-10T18:20:20.100,0.0,0,0,0.0,0,0,0.0,0.0,https://github.com/CSSEGISandData/COVID-19,0,0,0.0
0.0,3,1,1.5,Nigeria,NG,2020-03-17,77,0,0,0.0,1.7095112913514547,0.0,2020-04-10T18:20:20.100,0.0014553245276917673,3,1,1.5,0,0,0.0,0.0,https://github.com/CSSEGISandData/COVID-19,0,0,0.0
0.0,0,0,0.0,Niue,NU,2020-03-17,77,0,0,0.0,0.0,0.0,2020-04-10T18:20:20.100,0.0,0,0,0.0,0,0,0.0,0.0,https://github.com/CSSEGISandData/COVID-19,0,0,0.0
0.0,0,0,0.0,North Korea,KP,2020-03-17,77,0,0,0.0,0.0,0.0,2020-04-10T18:20:20.100,0.0,0,0,0.0,0,0,0.0,0.0,https://github.com/CSSEGISandData/COVID-19,0,0,0.0
0.0,26,8,1.4444444444444444,North Macedonia,MK,2020-03-17,77,0,0,0.0,1.8849618465302416,4.79990630582891E-7,2020-04-10T18:20:20.099,1.2479756395155168,25,8,1.4705882352941178,1,0,1.0,0.038461538461538464,https://github.com/CSSEGISandData/COVID-19,0,0,0.0
0.0,0,0,0.0,Northern Mariana Islands,MP,2020-03-17,77,0,0,0.0,0.0,0.0,2020-04-10T18:20:20.099,0.0,0,0,0.0,0,0,0.0,0.0,https://github.com/CSSEGISandData/COVID-19,0,0,0.0
0.002050580997949419,1463,130,1.0975243810952737,Norway,NO,2020-03-17,77,3,0,1.0,7.4486237295706825,1.8445960989374942E-7,2020-04-10T18:20:20.100,26.98644092745554,1459,130,1.0978179082016555,1,0,1.0,6.83526999316473E-4,https://github.com/CSSEGISandData/COVID-19,21647,3585,3.972
0.0,24,2,1.0909090909090908,Oman,OM,2020-03-17,77,0,0,0.0,7.96616723629781,1.7624161236793139E-6,2020-04-10T18:20:20.099,0.46997763298115036,15,2,1.1538461538461537,9,0,1.0,0.375,https://github.com/CSSEGISandData/COVID-19,0,0,0.0
0.0,236,100,1.7352941176470589,Pakistan,PK,2020-03-17,77,0,0,0.0,1.2575765716993017,9.054184495487712E-9,2020-04-10T18:20:20.100,0.10683937704675499,234,100,1.7462686567164178,2,0,1.0,0.00847457627118644,https://github.com/CSSEGISandData/COVID-19,1141,16,0.005
0.0,0,0,0.0,Palau,PW,2020-03-17,77,0,0,0.0,0.0,0.0,2020-04-10T18:20:20.100,0.0,0,0,0.0,0,0,0.0,0.0,https://github.com/CSSEGISandData/COVID-19,0,0,0.0
0.0,0,0,0.0,Palestine,PS,2020-03-17,77,0,0,0.0,0.0,0.0,2020-04-10T18:20:20.100,0.0,0,0,0.0,0,0,0.0,0.0,https://github.com/CSSEGISandData/COVID-19,0,0,0.0
0.014492753623188406,69,14,1.2545454545454546,Panama,PA,2020-03-17,77,1,0,1.0,3.0565640724469256,0.0,2020-04-10T18:20:20.099,1.5991593520577125,68,14,1.2592592592592593,0,0,0.0,0.0,https://github.com/CSSEGISandData/COVID-19,0,0,0.0
0.0,0,0,0.0,Papua New Guinea,PG,2020-03-17,77,0,0,0.0,0.0,0.0,2020-04-10T18:20:20.099,0.0,0,0,0.0,0,0,0.0,0.0,https://github.com/CSSEGISandData/COVID-19,0,0,0.0
0.0,9,1,1.125,Paraguay,PY,2020-03-17,77,0,0,0.0,5.884949192361718,0.0,2020-04-10T18:20:20.099,0.12618229303510195,9,1,1.125,0,0,0.0,0.0,https://github.com/CSSEGISandData/COVID-19,0,0,0.0
0.0,117,31,1.3604651162790697,Peru,PE,2020-03-17,77,0,0,0.0,2.2517452805186946,3.032889809593358E-8,2020-04-10T18:20:20.100,0.35484810772242287,116,30,1.3488372093023255,1,0,0.0,0.008547008547008548,https://github.com/CSSEGISandData/COVID-19,2797,482,0.084
0.06417112299465241,187,45,1.3169014084507042,Philippines,PH,2020-03-17,77,12,0,1.0,2.517957186961737,4.562831550169638E-8,2020-04-10T18:20:20.100,0.17064989997634444,170,42,1.328125,5,3,2.5,0.026737967914438502,https://github.com/CSSEGISandData/COVID-19,842,3,0.00767524097430858
0.02100840336134454,238,61,1.344632768361582,Poland,PL,2020-03-17,77,5,1,1.25,2.3407570501114296,3.434917858299122E-7,2020-04-10T18:20:20.099,0.6288541925193777,220,60,1.375,13,0,1.0,0.0546218487394958,https://github.com/CSSEGISandData/COVID-19,7899,655,0.208
0.002232142857142857,448,117,1.353474320241692,Portugal,PT,2020-03-17,77,1,0,0.0,2.290071885531941,2.9421257388045496E-7,2020-04-10T18:20:20.100,4.393574436614794,444,116,1.353658536585366,3,0,1.0,0.006696428571428571,https://github.com/CSSEGISandData/COVID-19,4716,1009,0.462
0.0,0,0,0.0,Puerto Rico,PR,2020-03-17,77,0,0,0.0,0.0,0.0,2020-04-10T18:20:20.099,0.0,0,0,0.0,0,0,0.0,0.0,https://github.com/CSSEGISandData/COVID-19,0,0,0.0
0.0,439,0,1.0,Qatar,QA,2020-03-17,77,0,0,0.0,0.0,1.3883812619899738E-6,2020-04-10T18:20:20.100,15.237484350339962,435,0,1.0,4,0,1.0,0.009111617312072893,https://github.com/CSSEGISandData/COVID-19,0,0,0.0
0.0,0,0,0.0,Republic of Congo,CG,2020-03-17,77,0,0,0.0,0.0,0.0,2020-04-10T18:20:20.100,0.0,0,0,0.0,0,0,0.0,0.0,https://github.com/CSSEGISandData/COVID-19,0,0,0.0
0.0,9,0,1.0,Reunion,RE,2020-03-17,77,0,0,0.0,0.0,0.0,2020-04-10T18:20:20.100,1.005236163482674,9,0,1.0,0,0,0.0,0.0,https://github.com/CSSEGISandData/COVID-19,0,0,0.0
0.0,184,26,1.1645569620253164,Romania,RO,2020-03-17,77,0,0,0.0,4.549979543958131,8.317006443236873E-7,2020-04-10T18:20:20.100,0.9564557409722403,168,19,1.1275167785234899,16,7,1.7777777777777777,0.08695652173913043,https://github.com/CSSEGISandData/COVID-19,4150,442,0.214
0.0,114,24,1.2666666666666666,Russia,RU,2020-03-17,77,0,0,0.0,2.932233865905457,5.4819128328989215E-8,2020-04-10T18:20:20.099,0.07811725786880963,106,24,1.2926829268292683,8,0,1.0,0.07017543859649122,https://github.com/CSSEGISandData/COVID-19,0,0,0.0
0.0,7,2,1.4,Rwanda,RW,2020-03-17,77,0,0,0.0,2.0600427171061453,0.0,2020-04-10T18:20:20.100,0.05404479757829895,7,2,1.4,0,0,0.0,0.0,https://github.com/CSSEGISandData/COVID-19,0,0,0.0
0.0,0,0,0.0,Saint Barthelemy,,2020-03-17,77,0,0,0.0,0.0,0.0,2020-04-10T18:20:20.099,0.0,0,0,0.0,0,0,0.0,0.0,https://github.com/CSSEGISandData/COVID-19,0,0,0.0
0.0,0,0,0.0,Saint Helena,,2020-03-17,77,0,0,0.0,0.0,0.0,2020-04-10T18:20:20.100,0.0,0,0,0.0,0,0,0.0,0.0,https://github.com/CSSEGISandData/COVID-19,0,0,0.0
0.0,0,0,0.0,Saint Kitts & Nevis,,2020-03-17,77,0,0,0.0,0.0,0.0,2020-04-10T18:20:20.100,0.0,0,0,0.0,0,0,0.0,0.0,https://github.com/CSSEGISandData/COVID-19,0,0,0.0
0.0,2,0,1.0,Saint Lucia,LC,2020-03-17,77,0,0,0.0,0.0,0.0,2020-04-10T18:20:20.099,1.089164447494105,2,0,1.0,0,0,0.0,0.0,https://github.com/CSSEGISandData/COVID-19,0,0,0.0
0.0,0,0,0.0,Saint Martin,,2020-03-17,77,0,0,0.0,0.0,0.0,2020-04-10T18:20:20.099,0.0,0,0,0.0,0,0,0.0,0.0,https://github.com/CSSEGISandData/COVID-19,0,0,0.0
0.0,0,0,0.0,Saint Pierre & Miquelon,,2020-03-17,77,0,0,0.0,0.0,0.0,2020-04-10T18:20:20.099,0.0,0,0,0.0,0,0,0.0,0.0,https://github.com/CSSEGISandData/COVID-19,0,0,0.0
0.0,0,0,0.0,Samoa,WS,2020-03-17,77,0,0,0.0,0.0,0.0,2020-04-10T18:20:20.100,0.0,0,0,0.0,0,0,0.0,0.0,https://github.com/CSSEGISandData/COVID-19,0,0,0.0
0.06422018348623854,109,0,1.0,San Marino,SM,2020-03-17,77,7,0,1.0,0.0,1.1788629866493767E-4,2020-04-10T18:20:20.099,321.2401638619551,98,0,1.0,4,0,1.0,0.03669724770642202,https://github.com/CSSEGISandData/COVID-19,0,0,0.0
0.0,0,0,0.0,Sao Tome & Principe,ST,2020-03-17,77,0,0,0.0,0.0,0.0,2020-04-10T18:20:20.099,0.0,0,0,0.0,0,0,0.0,0.0,https://github.com/CSSEGISandData/COVID-19,0,0,0.0
0.0,171,53,1.4491525423728813,Saudi Arabia,SA,2020-03-17,77,0,0,0.0,1.8684273437145558,1.7234509773417614E-7,2020-04-10T18:20:20.100,0.49118352854240194,165,49,1.4224137931034482,6,4,3.0,0.03508771929824561,https://github.com/CSSEGISandData/COVID-19,0,0,0.0
0.0,26,2,1.0833333333333333,Senegal,SN,2020-03-17,77,0,0,0.0,8.659716802522823,1.1944629237812612E-7,2020-04-10T18:20:20.100,0.15528018009156394,24,2,1.0909090909090908,2,0,1.0,0.07692307692307693,https://github.com/CSSEGISandData/COVID-19,101,44,0.006
0.0,65,10,1.1818181818181819,Serbia,RS,2020-03-17,77,0,0,0.0,4.149238146182111,1.1445090290889559E-7,2020-04-10T18:20:20.100,0.7439308689078213,64,10,1.1851851851851851,1,0,1.0,0.015384615384615385,https://github.com/CSSEGISandData/COVID-19,335,34,0.038
0.0,4,1,1.3333333333333333,Seychelles,SC,2020-03-17,77,0,0,0.0,2.4094208396532095,0.0,2020-04-10T18:20:20.099,4.067231333950197,4,1,1.3333333333333333,0,0,0.0,0.0,https://github.com/CSSEGISandData/COVID-19,0,0,0.0
0.0,0,0,0.0,Sierra Leone,SL,2020-03-17,77,0,0,0.0,0.0,0.0,2020-04-10T18:20:20.100,0.0,0,0,0.0,0,0,0.0,0.0,https://github.com/CSSEGISandData/COVID-19,0,0,0.0
0.0,266,23,1.0946502057613168,Singapore,SG,2020-03-17,77,0,0,0.0,7.664601226293669,1.9486040303284835E-5,2020-04-10T18:20:20.099,4.546742737433128,152,18,1.1343283582089552,114,5,1.0458715596330275,0.42857142857142855,https://github.com/CSSEGISandData/COVID-19,0,0,0.0
0.0,0,0,0.0,Sint Maarten,SX,2020-03-17,77,0,0,0.0,0.0,0.0,2020-04-10T18:20:20.100,0.0,0,0,0.0,0,0,0.0,0.0,https://github.com/CSSEGISandData/COVID-19,0,0,0.0
0.0,72,9,1.1428571428571428,Slovakia,SK,2020-03-17,77,0,0,0.0,5.190893069684433,0.0,2020-04-10T18:20:20.100,1.3187677873384371,72,9,1.1428571428571428,0,0,0.0,0.0,https://github.com/CSSEGISandData/COVID-19,1913,368,0.351
0.0036363636363636364,275,22,1.0869565217391304,Slovenia,SI,2020-03-17,77,1,0,1.0,8.312950414120833,0.0,2020-04-10T18:20:20.099,13.227907710571454,274,22,1.0873015873015872,0,0,0.0,0.0,https://github.com/CSSEGISandData/COVID-19,8558,1121,4.11
0.0,0,0,0.0,Solomon Islands,SB,2020-03-17,77,0,0,0.0,0.0,0.0,2020-04-10T18:20:20.099,0.0,0,0,0.0,0,0,0.0,0.0,https://github.com/CSSEGISandData/COVID-19,0,0,0.0
0.0,1,0,1.0,Somalia,SO,2020-03-17,77,0,0,0.0,0.0,0.0,2020-04-10T18:20:20.100,0.006291990384328615,1,0,1.0,0,0,0.0,0.0,https://github.com/CSSEGISandData/COVID-19,0,0,0.0
0.0,62,0,1.0,South Africa,ZA,2020-03-17,77,0,0,0.0,0.0,0.0,2020-04-10T18:20:20.100,0.10453780044711829,62,0,1.0,0,0,0.0,0.0,https://github.com/CSSEGISandData/COVID-19,2911,506,0.05
0.009735576923076923,8320,84,1.010199125789218,South Korea,KR,2020-03-17,77,81,6,1.08,68.30741815415763,2.7443385339556306E-5,2020-04-10T18:20:20.100,16.22807150142917,6832,-192,0.9726651480637813,1407,270,1.237467018469657,0.16911057692307693,https://github.com/CSSEGISandData/COVID-19,286716,12212,5.567
0.0,0,0,0.0,South Sudan,SS,2020-03-17,77,0,0,0.0,0.0,0.0,2020-04-10T18:20:20.100,0.0,0,0,0.0,0,0,0.0,0.0,https://github.com/CSSEGISandData/COVID-19,0,0,0.0
0.04536942458290773,11748,1806,1.1816535908267953,Spain,ES,2020-03-17,77,533,191,1.5584795321637428,4.152700401878658,2.1987057664994153E-5,2020-04-10T18:20:20.100,25.126843720656744,10187,1117,1.1231532524807055,1028,498,1.939622641509434,0.08750425604358189,https://github.com/CSSEGISandData/COVID-19,0,0,0.0
0.0,44,16,1.5714285714285714,Sri Lanka,LK,2020-03-17,77,0,0,0.0,1.5335619341179534,4.6700059388465526E-8,2020-04-10T18:20:20.100,0.20548026130924832,43,16,1.5925925925925926,1,0,1.0,0.022727272727272728,https://github.com/CSSEGISandData/COVID-19,0,0,0.0
0.0,1,0,1.0,St. Vincent & Grenadines,VC,2020-03-17,77,0,0,0.0,0.0,0.0,2020-04-10T18:20:20.100,9.013881377321075,1,0,1.0,0,0,0.0,0.0,https://github.com/CSSEGISandData/COVID-19,0,0,0.0
1.0,1,0,1.0,Sudan,SD,2020-03-17,77,1,0,1.0,0.0,0.0,2020-04-10T18:20:20.100,0.0022805401961173348,0,0,0.0,0,0,0.0,0.0,https://github.com/CSSEGISandData/COVID-19,0,0,0.0
0.0,1,0,1.0,Suriname,SR,2020-03-17,77,0,0,0.0,0.0,0.0,2020-04-10T18:20:20.100,0.1704646183638124,1,0,1.0,0,0,0.0,0.0,https://github.com/CSSEGISandData/COVID-19,0,0,0.0
0.0058823529411764705,1190,87,1.0788757932910245,Sweden,SE,2020-03-17,77,7,1,1.1666666666666667,9.130020221407818,9.901710669043737E-8,2020-04-10T18:20:20.099,11.783035696162047,1182,86,1.0784671532846715,1,0,1.0,8.403361344537816E-4,https://github.com/CSSEGISandData/COVID-19,14400,0,1.42268788026027
0.01,2700,500,1.2272727272727273,Switzerland,CH,2020-03-17,77,27,13,1.9285714285714286,3.3846000562429843,4.621807861741391E-7,2020-04-10T18:20:20.100,31.197203066754387,2669,487,1.2231897341888176,4,0,1.0,0.0014814814814814814,https://github.com/CSSEGISandData/COVID-19,0,0,0.0
0.0,0,0,0.0,Syria,SY,2020-03-17,77,0,0,0.0,0.0,0.0,2020-04-10T18:20:20.099,0.0,0,0,0.0,0,0,0.0,0.0,https://github.com/CSSEGISandData/COVID-19,0,0,0.0
0.012987012987012988,77,10,1.1492537313432836,Taiwan,TW,2020-03-17,77,1,0,1.0,4.982626820027644,9.237186814755566E-7,2020-04-10T18:20:20.100,0.3233015385164448,54,8,1.173913043478261,22,2,1.1,0.2857142857142857,https://github.com/CSSEGISandData/COVID-19,18812,877,0.79
0.0,0,0,0.0,Tajikistan,TJ,2020-03-17,77,0,0,0.0,0.0,0.0,2020-04-10T18:20:20.099,0.0,0,0,0.0,0,0,0.0,0.0,https://github.com/CSSEGISandData/COVID-19,0,0,0.0
0.0,1,0,1.0,Tanzania,TZ,2020-03-17,77,0,0,0.0,0.0,0.0,2020-04-10T18:20:20.100,0.0016740823492491356,1,0,1.0,0,0,0.0,0.0,https://github.com/CSSEGISandData/COVID-19,0,0,0.0
0.005649717514124294,177,30,1.2040816326530612,Thailand,TH,2020-03-17,77,1,0,1.0,3.732273493610088,5.873927352813779E-7,2020-04-10T18:20:20.100,0.2535817418165948,135,24,1.2162162162162162,41,6,1.1714285714285715,0.23163841807909605,https://github.com/CSSEGISandData/COVID-19,7045,500,0.101497073916436
0.0,0,0,0.0,Timor-Leste,TL,2020-03-17,77,0,0,0.0,0.0,0.0,2020-04-10T18:20:20.100,0.0,0,0,0.0,0,0,0.0,0.0,https://github.com/CSSEGISandData/COVID-19,0,0,0.0
0.0,1,0,1.0,Togo,TG,2020-03-17,77,0,0,0.0,0.0,0.0,2020-04-10T18:20:20.100,0.012079156159814001,1,0,1.0,0,0,0.0,0.0,https://github.com/CSSEGISandData/COVID-19,0,0,0.0
0.0,0,0,0.0,Tokelau,TK,2020-03-17,77,0,0,0.0,0.0,0.0,2020-04-10T18:20:20.100,0.0,0,0,0.0,0,0,0.0,0.0,https://github.com/CSSEGISandData/COVID-19,0,0,0.0
0.0,0,0,0.0,Tonga,TO,2020-03-17,77,0,0,0.0,0.0,0.0,2020-04-10T18:20:20.100,0.0,0,0,0.0,0,0,0.0,0.0,https://github.com/CSSEGISandData/COVID-19,0,0,0.0
0.0,5,1,1.25,Trinidad and Tobago,TT,2020-03-17,77,0,0,0.0,3.10628371950539,0.0,2020-04-10T18:20:20.100,0.35727351717199435,5,1,1.25,0,0,0.0,0.0,https://github.com/CSSEGISandData/COVID-19,0,0,0.0
0.0,24,4,1.2,Tunisia,TN,2020-03-17,77,0,0,0.0,3.8017840169239308,0.0,2020-04-10T18:20:20.099,0.20306941107078585,24,4,1.2,0,0,0.0,0.0,https://github.com/CSSEGISandData/COVID-19,449,70,0.038
0.02127659574468085,47,29,2.611111111111111,Turkey,TR,2020-03-17,77,1,0,0.0,0.7221969432003652,0.0,2020-04-10T18:20:20.100,0.0557274364915609,46,28,2.5555555555555554,0,0,0.0,0.0,https://github.com/CSSEGISandData/COVID-19,0,0,0.0
0.0,0,0,0.0,Turkmenistan,TM,2020-03-17,77,0,0,0.0,0.0,0.0,2020-04-10T18:20:20.100,0.0,0,0,0.0,0,0,0.0,0.0,https://github.com/CSSEGISandData/COVID-19,0,0,0.0
0.0,0,0,0.0,Turks and Caicos,TC,2020-03-17,77,0,0,0.0,0.0,0.0,2020-04-10T18:20:20.099,0.0,0,0,0.0,0,0,0.0,0.0,https://github.com/CSSEGISandData/COVID-19,0,0,0.0
0.0,0,0,0.0,Tuvalu,TV,2020-03-17,77,0,0,0.0,0.0,0.0,2020-04-10T18:20:20.099,0.0,0,0,0.0,0,0,0.0,0.0,https://github.com/CSSEGISandData/COVID-19,0,0,0.0
0.0,0,0,0.0,U.S. Virgin Islands,VI,2020-03-17,77,0,0,0.0,0.0,0.0,2020-04-10T18:20:20.100,0.0,0,0,0.0,0,0,0.0,0.0,https://github.com/CSSEGISandData/COVID-19,0,0,0.0
0.0,0,0,0.0,Uganda,UG,2020-03-17,77,0,0,0.0,0.0,0.0,2020-04-10T18:20:20.100,0.0,0,0,0.0,0,0,0.0,0.0,https://github.com/CSSEGISandData/COVID-19,0,0,0.0
0.14285714285714285,14,7,2.0,Ukraine,UA,2020-03-17,77,2,1,2.0,1.0,0.0,2020-04-10T18:20:20.100,0.0320118813469557,12,6,2.0,0,0,0.0,0.0,https://github.com/CSSEGISandData/COVID-19,0,0,0.0
0.0,98,0,1.0,United Arab Emirates,AE,2020-03-17,77,0,0,0.0,0.0,2.325486871008883E-6,2020-04-10T18:20:20.099,0.9908596232994371,75,0,1.0,23,0,1.0,0.23469387755102042,https://github.com/CSSEGISandData/COVID-19,0,0,0.0
0.02857142857142857,1960,409,1.2637008381689232,United Kingdom,GB,2020-03-17,77,56,0,1.0,2.961603100414841,7.807204933576079E-7,2020-04-10T18:20:20.100,2.8871927678885125,1851,377,1.2557666214382632,53,32,2.5238095238095237,0.027040816326530614,https://github.com/CSSEGISandData/COVID-19,50442,6337,0.749
0.01681980999844261,6421,1789,1.3862262521588946,United States,US,2020-03-17,77,108,23,1.2705882352941176,2.122408891231756,5.1359105277981596E-8,2020-04-10T18:20:20.100,1.9398636175877635,6296,1766,1.3898454746136866,17,0,1.0,0.0026475626849400405,https://github.com/CSSEGISandData/COVID-19,128079,25080,0.386
0.0,29,21,3.625,Uruguay,UY,2020-03-17,77,0,0,0.0,0.5382186376622965,0.0,2020-04-10T18:20:20.100,0.83483748017261,29,21,3.625,0,0,0.0,0.0,https://github.com/CSSEGISandData/COVID-19,0,0,0.0
0.0,10,4,1.6666666666666667,Uzbekistan,UZ,2020-03-17,77,0,0,0.0,1.3569154488567239,0.0,2020-04-10T18:20:20.100,0.02987821371187118,10,4,1.6666666666666667,0,0,0.0,0.0,https://github.com/CSSEGISandData/COVID-19,0,0,0.0
0.0,0,0,0.0,Vanuatu,VU,2020-03-17,77,0,0,0.0,0.0,0.0,2020-04-10T18:20:20.099,0.0,0,0,0.0,0,0,0.0,0.0,https://github.com/CSSEGISandData/COVID-19,0,0,0.0
0.0,33,16,1.9411764705882353,Venezuela,VE,2020-03-17,77,0,0,0.0,1.0450071210725125,0.0,2020-04-10T18:20:20.100,0.1160503222330614,33,16,1.9411764705882353,0,0,0.0,0.0,https://github.com/CSSEGISandData/COVID-19,0,0,0.0
0.0,66,5,1.0819672131147542,Vietnam,VN,2020-03-17,77,0,0,0.0,8.798419101806742,1.6437470286062014E-7,2020-04-10T18:20:20.100,0.0678045649300058,50,5,1.1111111111111112,16,0,1.0,0.24242424242424243,https://github.com/CSSEGISandData/COVID-19,9696,2174,0.099
0.0,0,0,0.0,Wallis & Futuna,WF,2020-03-17,77,0,0,0.0,0.0,0.0,2020-04-10T18:20:20.099,0.0,0,0,0.0,0,0,0.0,0.0,https://github.com/CSSEGISandData/COVID-19,0,0,0.0
0.0,0,0,0.0,Western Sahara,EH,2020-03-17,77,0,0,0.0,0.0,0.0,2020-04-10T18:20:20.100,0.0,0,0,0.0,0,0,0.0,0.0,https://github.com/CSSEGISandData/COVID-19,0,0,0.0
0.040092712813438285,197168,15622,1.0860498165754133,World,WWW,2020-03-17,77,7905,779,1.1093179904574797,8.39699089485958,1.0366053593602928E-5,2020-04-10T18:20:20.100,2.528270726055792,108423,12091,1.1255138479425322,80840,2752,1.0352422907488987,0.410005680434959,https://github.com/CSSEGISandData/COVID-19,0,0,0.0
0.0,0,0,0.0,Yemen,YE,2020-03-17,77,0,0,0.0,0.0,0.0,2020-04-10T18:20:20.099,0.0,0,0,0.0,0,0,0.0,0.0,https://github.com/CSSEGISandData/COVID-19,0,0,0.0
0.0,0,0,0.0,Zambia,ZM,2020-03-17,77,0,0,0.0,0.0,0.0,2020-04-10T18:20:20.099,0.0,0,0,0.0,0,0,0.0,0.0,https://github.com/CSSEGISandData/COVID-19,0,0,0.0
0.0,0,0,0.0,Zimbabwe,ZW,2020-03-17,77,0,0,0.0,0.0,0.0,2020-04-10T18:20:20.100,0.0,0,0,0.0,0,0,0.0,0.0,https://github.com/CSSEGISandData/COVID-19,0,0,0.0
